Underlying cause of death (time series classification),Year,"Deaths, whole population"
"00-41 Diseases and accidental poisoning by alcohol (A00-R99, U071, U072, U109, X45)",2010,47209
"00-41 Diseases and accidental poisoning by alcohol (A00-R99, U071, U072, U109, X45)",2011,46962
"00-41 Diseases and accidental poisoning by alcohol (A00-R99, U071, U072, U109, X45)",2012,48203
"00-41 Diseases and accidental poisoning by alcohol (A00-R99, U071, U072, U109, X45)",2013,47925
"00-41 Diseases and accidental poisoning by alcohol (A00-R99, U071, U072, U109, X45)",2014,48730
"00-41 Diseases and accidental poisoning by alcohol (A00-R99, U071, U072, U109, X45)",2015,48912
"00-41 Diseases and accidental poisoning by alcohol (A00-R99, U071, U072, U109, X45)",2016,50695
"00-41 Diseases and accidental poisoning by alcohol (A00-R99, U071, U072, U109, X45)",2017,50260
"00-41 Diseases and accidental poisoning by alcohol (A00-R99, U071, U072, U109, X45)",2018,51061
"00-41 Diseases and accidental poisoning by alcohol (A00-R99, U071, U072, U109, X45)",2019,50715
"00-41 Diseases and accidental poisoning by alcohol (A00-R99, U071, U072, U109, X45)",2020,52286
"00-41 Diseases and accidental poisoning by alcohol (A00-R99, U071, U072, U109, X45)",2021,54089
"00-41 Diseases and accidental poisoning by alcohol (A00-R99, U071, U072, U109, X45)",2022,59586
"00-41 Diseases and accidental poisoning by alcohol (A00-R99, U071, U072, U109, X45)",2023,57729
"01-03 Certain infectious and parasitic diseases (A00-B99, J65)",2010,436
"01-03 Certain infectious and parasitic diseases (A00-B99, J65)",2011,406
"01-03 Certain infectious and parasitic diseases (A00-B99, J65)",2012,306
"01-03 Certain infectious and parasitic diseases (A00-B99, J65)",2013,312
"01-03 Certain infectious and parasitic diseases (A00-B99, J65)",2014,310
"01-03 Certain infectious and parasitic diseases (A00-B99, J65)",2015,258
"01-03 Certain infectious and parasitic diseases (A00-B99, J65)",2016,255
"01-03 Certain infectious and parasitic diseases (A00-B99, J65)",2017,286
"01-03 Certain infectious and parasitic diseases (A00-B99, J65)",2018,244
"01-03 Certain infectious and parasitic diseases (A00-B99, J65)",2019,210
"01-03 Certain infectious and parasitic diseases (A00-B99, J65)",2020,203
"01-03 Certain infectious and parasitic diseases (A00-B99, J65)",2021,212
"01-03 Certain infectious and parasitic diseases (A00-B99, J65)",2022,237
"01-03 Certain infectious and parasitic diseases (A00-B99, J65)",2023,191
"01 Tuberculosis (A15-A19, B90, J65)",2010,48
"01 Tuberculosis (A15-A19, B90, J65)",2011,61
"01 Tuberculosis (A15-A19, B90, J65)",2012,49
"01 Tuberculosis (A15-A19, B90, J65)",2013,31
"01 Tuberculosis (A15-A19, B90, J65)",2014,40
"01 Tuberculosis (A15-A19, B90, J65)",2015,33
"01 Tuberculosis (A15-A19, B90, J65)",2016,26
"01 Tuberculosis (A15-A19, B90, J65)",2017,35
"01 Tuberculosis (A15-A19, B90, J65)",2018,31
"01 Tuberculosis (A15-A19, B90, J65)",2019,29
"01 Tuberculosis (A15-A19, B90, J65)",2020,21
"01 Tuberculosis (A15-A19, B90, J65)",2021,24
"01 Tuberculosis (A15-A19, B90, J65)",2022,18
"01 Tuberculosis (A15-A19, B90, J65)",2023,20
02 Human  immunodeficiency virus (HIV) disease (B20-B24),2010,7
02 Human  immunodeficiency virus (HIV) disease (B20-B24),2011,5
02 Human  immunodeficiency virus (HIV) disease (B20-B24),2012,7
02 Human  immunodeficiency virus (HIV) disease (B20-B24),2013,4
02 Human  immunodeficiency virus (HIV) disease (B20-B24),2014,3
02 Human  immunodeficiency virus (HIV) disease (B20-B24),2015,0
02 Human  immunodeficiency virus (HIV) disease (B20-B24),2016,8
02 Human  immunodeficiency virus (HIV) disease (B20-B24),2017,6
02 Human  immunodeficiency virus (HIV) disease (B20-B24),2018,3
02 Human  immunodeficiency virus (HIV) disease (B20-B24),2019,3
02 Human  immunodeficiency virus (HIV) disease (B20-B24),2020,2
02 Human  immunodeficiency virus (HIV) disease (B20-B24),2021,4
02 Human  immunodeficiency virus (HIV) disease (B20-B24),2022,6
02 Human  immunodeficiency virus (HIV) disease (B20-B24),2023,4
"03 Other infectious and parasitic diseases (A00-A09, A20-B19, B25-B89, B91-B99)",2010,381
"03 Other infectious and parasitic diseases (A00-A09, A20-B19, B25-B89, B91-B99)",2011,340
"03 Other infectious and parasitic diseases (A00-A09, A20-B19, B25-B89, B91-B99)",2012,250
"03 Other infectious and parasitic diseases (A00-A09, A20-B19, B25-B89, B91-B99)",2013,277
"03 Other infectious and parasitic diseases (A00-A09, A20-B19, B25-B89, B91-B99)",2014,267
"03 Other infectious and parasitic diseases (A00-A09, A20-B19, B25-B89, B91-B99)",2015,225
"03 Other infectious and parasitic diseases (A00-A09, A20-B19, B25-B89, B91-B99)",2016,221
"03 Other infectious and parasitic diseases (A00-A09, A20-B19, B25-B89, B91-B99)",2017,245
"03 Other infectious and parasitic diseases (A00-A09, A20-B19, B25-B89, B91-B99)",2018,210
"03 Other infectious and parasitic diseases (A00-A09, A20-B19, B25-B89, B91-B99)",2019,178
"03 Other infectious and parasitic diseases (A00-A09, A20-B19, B25-B89, B91-B99)",2020,180
"03 Other infectious and parasitic diseases (A00-A09, A20-B19, B25-B89, B91-B99)",2021,184
"03 Other infectious and parasitic diseases (A00-A09, A20-B19, B25-B89, B91-B99)",2022,213
"03 Other infectious and parasitic diseases (A00-A09, A20-B19, B25-B89, B91-B99)",2023,167
04-22 Neoplasms (C00-D48),2010,11879
04-22 Neoplasms (C00-D48),2011,11897
04-22 Neoplasms (C00-D48),2012,12070
04-22 Neoplasms (C00-D48),2013,12224
04-22 Neoplasms (C00-D48),2014,12270
04-22 Neoplasms (C00-D48),2015,12481
04-22 Neoplasms (C00-D48),2016,12854
04-22 Neoplasms (C00-D48),2017,12949
04-22 Neoplasms (C00-D48),2018,12902
04-22 Neoplasms (C00-D48),2019,13267
04-22 Neoplasms (C00-D48),2020,13411
04-22 Neoplasms (C00-D48),2021,13550
04-22 Neoplasms (C00-D48),2022,13495
04-22 Neoplasms (C00-D48),2023,13875
04-21 Malignant neoplasms (C00-C97),2010,11579
04-21 Malignant neoplasms (C00-C97),2011,11580
04-21 Malignant neoplasms (C00-C97),2012,11710
04-21 Malignant neoplasms (C00-C97),2013,11896
04-21 Malignant neoplasms (C00-C97),2014,11915
04-21 Malignant neoplasms (C00-C97),2015,12168
04-21 Malignant neoplasms (C00-C97),2016,12494
04-21 Malignant neoplasms (C00-C97),2017,12573
04-21 Malignant neoplasms (C00-C97),2018,12558
04-21 Malignant neoplasms (C00-C97),2019,12899
04-21 Malignant neoplasms (C00-C97),2020,12998
04-21 Malignant neoplasms (C00-C97),2021,13159
04-21 Malignant neoplasms (C00-C97),2022,13072
04-21 Malignant neoplasms (C00-C97),2023,13472
"04 Malignant neoplasms of lip, oral cavity and pharynx (C00-C14)",2010,192
"04 Malignant neoplasms of lip, oral cavity and pharynx (C00-C14)",2011,190
"04 Malignant neoplasms of lip, oral cavity and pharynx (C00-C14)",2012,196
"04 Malignant neoplasms of lip, oral cavity and pharynx (C00-C14)",2013,204
"04 Malignant neoplasms of lip, oral cavity and pharynx (C00-C14)",2014,217
"04 Malignant neoplasms of lip, oral cavity and pharynx (C00-C14)",2015,232
"04 Malignant neoplasms of lip, oral cavity and pharynx (C00-C14)",2016,212
"04 Malignant neoplasms of lip, oral cavity and pharynx (C00-C14)",2017,183
"04 Malignant neoplasms of lip, oral cavity and pharynx (C00-C14)",2018,198
"04 Malignant neoplasms of lip, oral cavity and pharynx (C00-C14)",2019,219
"04 Malignant neoplasms of lip, oral cavity and pharynx (C00-C14)",2020,225
"04 Malignant neoplasms of lip, oral cavity and pharynx (C00-C14)",2021,210
"04 Malignant neoplasms of lip, oral cavity and pharynx (C00-C14)",2022,224
"04 Malignant neoplasms of lip, oral cavity and pharynx (C00-C14)",2023,256
05 Malignant neoplasm of oesophagus (C15),2010,254
05 Malignant neoplasm of oesophagus (C15),2011,242
05 Malignant neoplasm of oesophagus (C15),2012,266
05 Malignant neoplasm of oesophagus (C15),2013,253
05 Malignant neoplasm of oesophagus (C15),2014,274
05 Malignant neoplasm of oesophagus (C15),2015,233
05 Malignant neoplasm of oesophagus (C15),2016,290
05 Malignant neoplasm of oesophagus (C15),2017,296
05 Malignant neoplasm of oesophagus (C15),2018,317
05 Malignant neoplasm of oesophagus (C15),2019,315
05 Malignant neoplasm of oesophagus (C15),2020,356
05 Malignant neoplasm of oesophagus (C15),2021,347
05 Malignant neoplasm of oesophagus (C15),2022,355
05 Malignant neoplasm of oesophagus (C15),2023,393
06 Malignant neoplasm of stomach (C16),2010,489
06 Malignant neoplasm of stomach (C16),2011,484
06 Malignant neoplasm of stomach (C16),2012,445
06 Malignant neoplasm of stomach (C16),2013,479
06 Malignant neoplasm of stomach (C16),2014,413
06 Malignant neoplasm of stomach (C16),2015,441
06 Malignant neoplasm of stomach (C16),2016,434
06 Malignant neoplasm of stomach (C16),2017,440
06 Malignant neoplasm of stomach (C16),2018,377
06 Malignant neoplasm of stomach (C16),2019,416
06 Malignant neoplasm of stomach (C16),2020,412
06 Malignant neoplasm of stomach (C16),2021,378
06 Malignant neoplasm of stomach (C16),2022,363
06 Malignant neoplasm of stomach (C16),2023,392
"07 Malignant neoplasm of colon (C18, C19)",2010,759
"07 Malignant neoplasm of colon (C18, C19)",2011,772
"07 Malignant neoplasm of colon (C18, C19)",2012,794
"07 Malignant neoplasm of colon (C18, C19)",2013,806
"07 Malignant neoplasm of colon (C18, C19)",2014,821
"07 Malignant neoplasm of colon (C18, C19)",2015,821
"07 Malignant neoplasm of colon (C18, C19)",2016,884
"07 Malignant neoplasm of colon (C18, C19)",2017,909
"07 Malignant neoplasm of colon (C18, C19)",2018,869
"07 Malignant neoplasm of colon (C18, C19)",2019,919
"07 Malignant neoplasm of colon (C18, C19)",2020,897
"07 Malignant neoplasm of colon (C18, C19)",2021,944
"07 Malignant neoplasm of colon (C18, C19)",2022,923
"07 Malignant neoplasm of colon (C18, C19)",2023,1004
"08 Malignant neoplasm of rectum, anus and anal canal (C20-C21)",2010,377
"08 Malignant neoplasm of rectum, anus and anal canal (C20-C21)",2011,367
"08 Malignant neoplasm of rectum, anus and anal canal (C20-C21)",2012,398
"08 Malignant neoplasm of rectum, anus and anal canal (C20-C21)",2013,394
"08 Malignant neoplasm of rectum, anus and anal canal (C20-C21)",2014,408
"08 Malignant neoplasm of rectum, anus and anal canal (C20-C21)",2015,390
"08 Malignant neoplasm of rectum, anus and anal canal (C20-C21)",2016,425
"08 Malignant neoplasm of rectum, anus and anal canal (C20-C21)",2017,459
"08 Malignant neoplasm of rectum, anus and anal canal (C20-C21)",2018,425
"08 Malignant neoplasm of rectum, anus and anal canal (C20-C21)",2019,453
"08 Malignant neoplasm of rectum, anus and anal canal (C20-C21)",2020,378
"08 Malignant neoplasm of rectum, anus and anal canal (C20-C21)",2021,415
"08 Malignant neoplasm of rectum, anus and anal canal (C20-C21)",2022,474
"08 Malignant neoplasm of rectum, anus and anal canal (C20-C21)",2023,552
09 Primary malignant neoplasm of liver and intrahepatic bile ducts (C22),2010,429
09 Primary malignant neoplasm of liver and intrahepatic bile ducts (C22),2011,423
09 Primary malignant neoplasm of liver and intrahepatic bile ducts (C22),2012,484
09 Primary malignant neoplasm of liver and intrahepatic bile ducts (C22),2013,453
09 Primary malignant neoplasm of liver and intrahepatic bile ducts (C22),2014,489
09 Primary malignant neoplasm of liver and intrahepatic bile ducts (C22),2015,509
09 Primary malignant neoplasm of liver and intrahepatic bile ducts (C22),2016,527
09 Primary malignant neoplasm of liver and intrahepatic bile ducts (C22),2017,543
09 Primary malignant neoplasm of liver and intrahepatic bile ducts (C22),2018,533
09 Primary malignant neoplasm of liver and intrahepatic bile ducts (C22),2019,572
09 Primary malignant neoplasm of liver and intrahepatic bile ducts (C22),2020,563
09 Primary malignant neoplasm of liver and intrahepatic bile ducts (C22),2021,627
09 Primary malignant neoplasm of liver and intrahepatic bile ducts (C22),2022,596
09 Primary malignant neoplasm of liver and intrahepatic bile ducts (C22),2023,623
10 Malignant neoplasm of pancreas (C25),2010,995
10 Malignant neoplasm of pancreas (C25),2011,1005
10 Malignant neoplasm of pancreas (C25),2012,1029
10 Malignant neoplasm of pancreas (C25),2013,1025
10 Malignant neoplasm of pancreas (C25),2014,1080
10 Malignant neoplasm of pancreas (C25),2015,1137
10 Malignant neoplasm of pancreas (C25),2016,1191
10 Malignant neoplasm of pancreas (C25),2017,1168
10 Malignant neoplasm of pancreas (C25),2018,1298
10 Malignant neoplasm of pancreas (C25),2019,1199
10 Malignant neoplasm of pancreas (C25),2020,1312
10 Malignant neoplasm of pancreas (C25),2021,1287
10 Malignant neoplasm of pancreas (C25),2022,1272
10 Malignant neoplasm of pancreas (C25),2023,1371
"11 Malignant neoplasm of larynx, trachea, bronchus and lung (C32-C34)",2010,2260
"11 Malignant neoplasm of larynx, trachea, bronchus and lung (C32-C34)",2011,2144
"11 Malignant neoplasm of larynx, trachea, bronchus and lung (C32-C34)",2012,2203
"11 Malignant neoplasm of larynx, trachea, bronchus and lung (C32-C34)",2013,2259
"11 Malignant neoplasm of larynx, trachea, bronchus and lung (C32-C34)",2014,2192
"11 Malignant neoplasm of larynx, trachea, bronchus and lung (C32-C34)",2015,2275
"11 Malignant neoplasm of larynx, trachea, bronchus and lung (C32-C34)",2016,2309
"11 Malignant neoplasm of larynx, trachea, bronchus and lung (C32-C34)",2017,2310
"11 Malignant neoplasm of larynx, trachea, bronchus and lung (C32-C34)",2018,2318
"11 Malignant neoplasm of larynx, trachea, bronchus and lung (C32-C34)",2019,2383
"11 Malignant neoplasm of larynx, trachea, bronchus and lung (C32-C34)",2020,2322
"11 Malignant neoplasm of larynx, trachea, bronchus and lung (C32-C34)",2021,2400
"11 Malignant neoplasm of larynx, trachea, bronchus and lung (C32-C34)",2022,2447
"11 Malignant neoplasm of larynx, trachea, bronchus and lung (C32-C34)",2023,2256
12 Malignant melanoma of skin (C43),2010,189
12 Malignant melanoma of skin (C43),2011,226
12 Malignant melanoma of skin (C43),2012,213
12 Malignant melanoma of skin (C43),2013,232
12 Malignant melanoma of skin (C43),2014,228
12 Malignant melanoma of skin (C43),2015,229
12 Malignant melanoma of skin (C43),2016,215
12 Malignant melanoma of skin (C43),2017,226
12 Malignant melanoma of skin (C43),2018,242
12 Malignant melanoma of skin (C43),2019,217
12 Malignant melanoma of skin (C43),2020,228
12 Malignant melanoma of skin (C43),2021,213
12 Malignant melanoma of skin (C43),2022,230
12 Malignant melanoma of skin (C43),2023,261
13 Malignant neoplasm of breast (C50),2010,886
13 Malignant neoplasm of breast (C50),2011,839
13 Malignant neoplasm of breast (C50),2012,881
13 Malignant neoplasm of breast (C50),2013,870
13 Malignant neoplasm of breast (C50),2014,817
13 Malignant neoplasm of breast (C50),2015,823
13 Malignant neoplasm of breast (C50),2016,881
13 Malignant neoplasm of breast (C50),2017,913
13 Malignant neoplasm of breast (C50),2018,859
13 Malignant neoplasm of breast (C50),2019,881
13 Malignant neoplasm of breast (C50),2020,951
13 Malignant neoplasm of breast (C50),2021,900
13 Malignant neoplasm of breast (C50),2022,866
13 Malignant neoplasm of breast (C50),2023,844
14 Malignant neoplasm of cervix uteri (C53),2010,55
14 Malignant neoplasm of cervix uteri (C53),2011,47
14 Malignant neoplasm of cervix uteri (C53),2012,51
14 Malignant neoplasm of cervix uteri (C53),2013,54
14 Malignant neoplasm of cervix uteri (C53),2014,53
14 Malignant neoplasm of cervix uteri (C53),2015,63
14 Malignant neoplasm of cervix uteri (C53),2016,61
14 Malignant neoplasm of cervix uteri (C53),2017,55
14 Malignant neoplasm of cervix uteri (C53),2018,55
14 Malignant neoplasm of cervix uteri (C53),2019,45
14 Malignant neoplasm of cervix uteri (C53),2020,47
14 Malignant neoplasm of cervix uteri (C53),2021,58
14 Malignant neoplasm of cervix uteri (C53),2022,55
14 Malignant neoplasm of cervix uteri (C53),2023,46
15 Malignant neoplasm of uterus (C54-C55),2010,189
15 Malignant neoplasm of uterus (C54-C55),2011,162
15 Malignant neoplasm of uterus (C54-C55),2012,189
15 Malignant neoplasm of uterus (C54-C55),2013,187
15 Malignant neoplasm of uterus (C54-C55),2014,194
15 Malignant neoplasm of uterus (C54-C55),2015,194
15 Malignant neoplasm of uterus (C54-C55),2016,202
15 Malignant neoplasm of uterus (C54-C55),2017,202
15 Malignant neoplasm of uterus (C54-C55),2018,216
15 Malignant neoplasm of uterus (C54-C55),2019,221
15 Malignant neoplasm of uterus (C54-C55),2020,215
15 Malignant neoplasm of uterus (C54-C55),2021,218
15 Malignant neoplasm of uterus (C54-C55),2022,219
15 Malignant neoplasm of uterus (C54-C55),2023,220
16 Malignant neoplasm of ovary (C56),2010,362
16 Malignant neoplasm of ovary (C56),2011,367
16 Malignant neoplasm of ovary (C56),2012,342
16 Malignant neoplasm of ovary (C56),2013,305
16 Malignant neoplasm of ovary (C56),2014,346
16 Malignant neoplasm of ovary (C56),2015,334
16 Malignant neoplasm of ovary (C56),2016,367
16 Malignant neoplasm of ovary (C56),2017,330
16 Malignant neoplasm of ovary (C56),2018,310
16 Malignant neoplasm of ovary (C56),2019,321
16 Malignant neoplasm of ovary (C56),2020,277
16 Malignant neoplasm of ovary (C56),2021,288
16 Malignant neoplasm of ovary (C56),2022,312
16 Malignant neoplasm of ovary (C56),2023,297
17 Malignant neoplasm of prostate (C61),2010,845
17 Malignant neoplasm of prostate (C61),2011,879
17 Malignant neoplasm of prostate (C61),2012,852
17 Malignant neoplasm of prostate (C61),2013,853
17 Malignant neoplasm of prostate (C61),2014,859
17 Malignant neoplasm of prostate (C61),2015,898
17 Malignant neoplasm of prostate (C61),2016,888
17 Malignant neoplasm of prostate (C61),2017,898
17 Malignant neoplasm of prostate (C61),2018,895
17 Malignant neoplasm of prostate (C61),2019,922
17 Malignant neoplasm of prostate (C61),2020,920
17 Malignant neoplasm of prostate (C61),2021,963
17 Malignant neoplasm of prostate (C61),2022,919
17 Malignant neoplasm of prostate (C61),2023,1012
18 Malignant neoplasm of kidney (C64),2010,353
18 Malignant neoplasm of kidney (C64),2011,385
18 Malignant neoplasm of kidney (C64),2012,347
18 Malignant neoplasm of kidney (C64),2013,370
18 Malignant neoplasm of kidney (C64),2014,360
18 Malignant neoplasm of kidney (C64),2015,367
18 Malignant neoplasm of kidney (C64),2016,399
18 Malignant neoplasm of kidney (C64),2017,324
18 Malignant neoplasm of kidney (C64),2018,353
18 Malignant neoplasm of kidney (C64),2019,341
18 Malignant neoplasm of kidney (C64),2020,353
18 Malignant neoplasm of kidney (C64),2021,330
18 Malignant neoplasm of kidney (C64),2022,349
18 Malignant neoplasm of kidney (C64),2023,340
19 Malignant neoplasm of bladder (C67),2010,252
19 Malignant neoplasm of bladder (C67),2011,263
19 Malignant neoplasm of bladder (C67),2012,263
19 Malignant neoplasm of bladder (C67),2013,257
19 Malignant neoplasm of bladder (C67),2014,242
19 Malignant neoplasm of bladder (C67),2015,261
19 Malignant neoplasm of bladder (C67),2016,280
19 Malignant neoplasm of bladder (C67),2017,277
19 Malignant neoplasm of bladder (C67),2018,291
19 Malignant neoplasm of bladder (C67),2019,317
19 Malignant neoplasm of bladder (C67),2020,310
19 Malignant neoplasm of bladder (C67),2021,313
19 Malignant neoplasm of bladder (C67),2022,295
19 Malignant neoplasm of bladder (C67),2023,310
"20 Malignant neoplasm of lymphoid, haematopoietic and related tissue (C81-C96)",2010,1069
"20 Malignant neoplasm of lymphoid, haematopoietic and related tissue (C81-C96)",2011,1104
"20 Malignant neoplasm of lymphoid, haematopoietic and related tissue (C81-C96)",2012,1074
"20 Malignant neoplasm of lymphoid, haematopoietic and related tissue (C81-C96)",2013,1143
"20 Malignant neoplasm of lymphoid, haematopoietic and related tissue (C81-C96)",2014,1177
"20 Malignant neoplasm of lymphoid, haematopoietic and related tissue (C81-C96)",2015,1165
"20 Malignant neoplasm of lymphoid, haematopoietic and related tissue (C81-C96)",2016,1111
"20 Malignant neoplasm of lymphoid, haematopoietic and related tissue (C81-C96)",2017,1144
"20 Malignant neoplasm of lymphoid, haematopoietic and related tissue (C81-C96)",2018,1119
"20 Malignant neoplasm of lymphoid, haematopoietic and related tissue (C81-C96)",2019,1227
"20 Malignant neoplasm of lymphoid, haematopoietic and related tissue (C81-C96)",2020,1184
"20 Malignant neoplasm of lymphoid, haematopoietic and related tissue (C81-C96)",2021,1232
"20 Malignant neoplasm of lymphoid, haematopoietic and related tissue (C81-C96)",2022,1170
"20 Malignant neoplasm of lymphoid, haematopoietic and related tissue (C81-C96)",2023,1165
21 Other malignant neoplasms,2010,1624
21 Other malignant neoplasms,2011,1681
21 Other malignant neoplasms,2012,1683
21 Other malignant neoplasms,2013,1752
21 Other malignant neoplasms,2014,1745
21 Other malignant neoplasms,2015,1796
21 Other malignant neoplasms,2016,1818
21 Other malignant neoplasms,2017,1896
21 Other malignant neoplasms,2018,1883
21 Other malignant neoplasms,2019,1931
21 Other malignant neoplasms,2020,2048
21 Other malignant neoplasms,2021,2036
21 Other malignant neoplasms,2022,2003
21 Other malignant neoplasms,2023,2130
22 Other neoplasms (D00-D48),2010,300
22 Other neoplasms (D00-D48),2011,317
22 Other neoplasms (D00-D48),2012,360
22 Other neoplasms (D00-D48),2013,328
22 Other neoplasms (D00-D48),2014,355
22 Other neoplasms (D00-D48),2015,313
22 Other neoplasms (D00-D48),2016,360
22 Other neoplasms (D00-D48),2017,376
22 Other neoplasms (D00-D48),2018,344
22 Other neoplasms (D00-D48),2019,368
22 Other neoplasms (D00-D48),2020,413
22 Other neoplasms (D00-D48),2021,391
22 Other neoplasms (D00-D48),2022,423
22 Other neoplasms (D00-D48),2023,403
"23-24 Endocrine, nutritional and metabolic diseases (E00-E90)",2010,606
"23-24 Endocrine, nutritional and metabolic diseases (E00-E90)",2011,597
"23-24 Endocrine, nutritional and metabolic diseases (E00-E90)",2012,656
"23-24 Endocrine, nutritional and metabolic diseases (E00-E90)",2013,632
"23-24 Endocrine, nutritional and metabolic diseases (E00-E90)",2014,679
"23-24 Endocrine, nutritional and metabolic diseases (E00-E90)",2015,637
"23-24 Endocrine, nutritional and metabolic diseases (E00-E90)",2016,738
"23-24 Endocrine, nutritional and metabolic diseases (E00-E90)",2017,756
"23-24 Endocrine, nutritional and metabolic diseases (E00-E90)",2018,742
"23-24 Endocrine, nutritional and metabolic diseases (E00-E90)",2019,803
"23-24 Endocrine, nutritional and metabolic diseases (E00-E90)",2020,887
"23-24 Endocrine, nutritional and metabolic diseases (E00-E90)",2021,893
"23-24 Endocrine, nutritional and metabolic diseases (E00-E90)",2022,985
"23-24 Endocrine, nutritional and metabolic diseases (E00-E90)",2023,963
23 Diabetes mellitus (E10-E14),2010,456
23 Diabetes mellitus (E10-E14),2011,478
23 Diabetes mellitus (E10-E14),2012,491
23 Diabetes mellitus (E10-E14),2013,488
23 Diabetes mellitus (E10-E14),2014,498
23 Diabetes mellitus (E10-E14),2015,483
23 Diabetes mellitus (E10-E14),2016,542
23 Diabetes mellitus (E10-E14),2017,566
23 Diabetes mellitus (E10-E14),2018,541
23 Diabetes mellitus (E10-E14),2019,595
23 Diabetes mellitus (E10-E14),2020,667
23 Diabetes mellitus (E10-E14),2021,672
23 Diabetes mellitus (E10-E14),2022,714
23 Diabetes mellitus (E10-E14),2023,695
"24 Other endocrine, nutritional and metabolic diseases (E00-E09, E15-E90)",2010,150
"24 Other endocrine, nutritional and metabolic diseases (E00-E09, E15-E90)",2011,119
"24 Other endocrine, nutritional and metabolic diseases (E00-E09, E15-E90)",2012,165
"24 Other endocrine, nutritional and metabolic diseases (E00-E09, E15-E90)",2013,144
"24 Other endocrine, nutritional and metabolic diseases (E00-E09, E15-E90)",2014,181
"24 Other endocrine, nutritional and metabolic diseases (E00-E09, E15-E90)",2015,154
"24 Other endocrine, nutritional and metabolic diseases (E00-E09, E15-E90)",2016,196
"24 Other endocrine, nutritional and metabolic diseases (E00-E09, E15-E90)",2017,190
"24 Other endocrine, nutritional and metabolic diseases (E00-E09, E15-E90)",2018,201
"24 Other endocrine, nutritional and metabolic diseases (E00-E09, E15-E90)",2019,208
"24 Other endocrine, nutritional and metabolic diseases (E00-E09, E15-E90)",2020,220
"24 Other endocrine, nutritional and metabolic diseases (E00-E09, E15-E90)",2021,221
"24 Other endocrine, nutritional and metabolic diseases (E00-E09, E15-E90)",2022,271
"24 Other endocrine, nutritional and metabolic diseases (E00-E09, E15-E90)",2023,268
"25 Dementia, Alzheimers disease (F01, F03, G30, R54)",2010,6057
"25 Dementia, Alzheimers disease (F01, F03, G30, R54)",2011,6200
"25 Dementia, Alzheimers disease (F01, F03, G30, R54)",2012,7056
"25 Dementia, Alzheimers disease (F01, F03, G30, R54)",2013,7543
"25 Dementia, Alzheimers disease (F01, F03, G30, R54)",2014,8116
"25 Dementia, Alzheimers disease (F01, F03, G30, R54)",2015,8580
"25 Dementia, Alzheimers disease (F01, F03, G30, R54)",2016,9175
"25 Dementia, Alzheimers disease (F01, F03, G30, R54)",2017,9390
"25 Dementia, Alzheimers disease (F01, F03, G30, R54)",2018,10120
"25 Dementia, Alzheimers disease (F01, F03, G30, R54)",2019,10153
"25 Dementia, Alzheimers disease (F01, F03, G30, R54)",2020,10673
"25 Dementia, Alzheimers disease (F01, F03, G30, R54)",2021,11455
"25 Dementia, Alzheimers disease (F01, F03, G30, R54)",2022,12313
"25 Dementia, Alzheimers disease (F01, F03, G30, R54)",2023,12154
26 Other diseases of the nervous system and sense organs excl. alcohol-related,2010,1280
26 Other diseases of the nervous system and sense organs excl. alcohol-related,2011,1272
26 Other diseases of the nervous system and sense organs excl. alcohol-related,2012,1459
26 Other diseases of the nervous system and sense organs excl. alcohol-related,2013,1368
26 Other diseases of the nervous system and sense organs excl. alcohol-related,2014,1645
26 Other diseases of the nervous system and sense organs excl. alcohol-related,2015,1624
26 Other diseases of the nervous system and sense organs excl. alcohol-related,2016,1699
26 Other diseases of the nervous system and sense organs excl. alcohol-related,2017,1785
26 Other diseases of the nervous system and sense organs excl. alcohol-related,2018,1872
26 Other diseases of the nervous system and sense organs excl. alcohol-related,2019,1933
26 Other diseases of the nervous system and sense organs excl. alcohol-related,2020,2076
26 Other diseases of the nervous system and sense organs excl. alcohol-related,2021,2127
26 Other diseases of the nervous system and sense organs excl. alcohol-related,2022,2306
26 Other diseases of the nervous system and sense organs excl. alcohol-related,2023,2311
"27-30 Diseases of the circulatory system excl. alcohol-related (I00-I425, I427-I99)",2010,20475
"27-30 Diseases of the circulatory system excl. alcohol-related (I00-I425, I427-I99)",2011,20157
"27-30 Diseases of the circulatory system excl. alcohol-related (I00-I425, I427-I99)",2012,20210
"27-30 Diseases of the circulatory system excl. alcohol-related (I00-I425, I427-I99)",2013,19548
"27-30 Diseases of the circulatory system excl. alcohol-related (I00-I425, I427-I99)",2014,19555
"27-30 Diseases of the circulatory system excl. alcohol-related (I00-I425, I427-I99)",2015,19365
"27-30 Diseases of the circulatory system excl. alcohol-related (I00-I425, I427-I99)",2016,19665
"27-30 Diseases of the circulatory system excl. alcohol-related (I00-I425, I427-I99)",2017,19077
"27-30 Diseases of the circulatory system excl. alcohol-related (I00-I425, I427-I99)",2018,18827
"27-30 Diseases of the circulatory system excl. alcohol-related (I00-I425, I427-I99)",2019,18267
"27-30 Diseases of the circulatory system excl. alcohol-related (I00-I425, I427-I99)",2020,18496
"27-30 Diseases of the circulatory system excl. alcohol-related (I00-I425, I427-I99)",2021,18789
"27-30 Diseases of the circulatory system excl. alcohol-related (I00-I425, I427-I99)",2022,19526
"27-30 Diseases of the circulatory system excl. alcohol-related (I00-I425, I427-I99)",2023,19349
27 Ischaemic heart diseases (I20-I25),2010,11767
27 Ischaemic heart diseases (I20-I25),2011,11169
27 Ischaemic heart diseases (I20-I25),2012,11099
27 Ischaemic heart diseases (I20-I25),2013,10552
27 Ischaemic heart diseases (I20-I25),2014,10337
27 Ischaemic heart diseases (I20-I25),2015,10209
27 Ischaemic heart diseases (I20-I25),2016,10183
27 Ischaemic heart diseases (I20-I25),2017,9861
27 Ischaemic heart diseases (I20-I25),2018,9453
27 Ischaemic heart diseases (I20-I25),2019,8630
27 Ischaemic heart diseases (I20-I25),2020,8600
27 Ischaemic heart diseases (I20-I25),2021,8762
27 Ischaemic heart diseases (I20-I25),2022,8787
27 Ischaemic heart diseases (I20-I25),2023,8472
"28 Other heart diseases excl. rheumatic and alcohol-related (I30-I425, I427-I52)",2010,2030
"28 Other heart diseases excl. rheumatic and alcohol-related (I30-I425, I427-I52)",2011,2150
"28 Other heart diseases excl. rheumatic and alcohol-related (I30-I425, I427-I52)",2012,1971
"28 Other heart diseases excl. rheumatic and alcohol-related (I30-I425, I427-I52)",2013,1806
"28 Other heart diseases excl. rheumatic and alcohol-related (I30-I425, I427-I52)",2014,1844
"28 Other heart diseases excl. rheumatic and alcohol-related (I30-I425, I427-I52)",2015,1768
"28 Other heart diseases excl. rheumatic and alcohol-related (I30-I425, I427-I52)",2016,1836
"28 Other heart diseases excl. rheumatic and alcohol-related (I30-I425, I427-I52)",2017,1755
"28 Other heart diseases excl. rheumatic and alcohol-related (I30-I425, I427-I52)",2018,1766
"28 Other heart diseases excl. rheumatic and alcohol-related (I30-I425, I427-I52)",2019,1689
"28 Other heart diseases excl. rheumatic and alcohol-related (I30-I425, I427-I52)",2020,1638
"28 Other heart diseases excl. rheumatic and alcohol-related (I30-I425, I427-I52)",2021,1722
"28 Other heart diseases excl. rheumatic and alcohol-related (I30-I425, I427-I52)",2022,1757
"28 Other heart diseases excl. rheumatic and alcohol-related (I30-I425, I427-I52)",2023,1805
29 Cerebrovascular diseases (I60-I69),2010,4235
29 Cerebrovascular diseases (I60-I69),2011,4346
29 Cerebrovascular diseases (I60-I69),2012,4498
29 Cerebrovascular diseases (I60-I69),2013,4419
29 Cerebrovascular diseases (I60-I69),2014,4428
29 Cerebrovascular diseases (I60-I69),2015,4299
29 Cerebrovascular diseases (I60-I69),2016,4378
29 Cerebrovascular diseases (I60-I69),2017,4044
29 Cerebrovascular diseases (I60-I69),2018,4043
29 Cerebrovascular diseases (I60-I69),2019,3991
29 Cerebrovascular diseases (I60-I69),2020,4026
29 Cerebrovascular diseases (I60-I69),2021,3951
29 Cerebrovascular diseases (I60-I69),2022,3994
29 Cerebrovascular diseases (I60-I69),2023,3899
"30 Other diseases of the circulatory system (I00-I15, I26-I28, I70-I99)",2010,2443
"30 Other diseases of the circulatory system (I00-I15, I26-I28, I70-I99)",2011,2492
"30 Other diseases of the circulatory system (I00-I15, I26-I28, I70-I99)",2012,2642
"30 Other diseases of the circulatory system (I00-I15, I26-I28, I70-I99)",2013,2771
"30 Other diseases of the circulatory system (I00-I15, I26-I28, I70-I99)",2014,2946
"30 Other diseases of the circulatory system (I00-I15, I26-I28, I70-I99)",2015,3089
"30 Other diseases of the circulatory system (I00-I15, I26-I28, I70-I99)",2016,3268
"30 Other diseases of the circulatory system (I00-I15, I26-I28, I70-I99)",2017,3417
"30 Other diseases of the circulatory system (I00-I15, I26-I28, I70-I99)",2018,3565
"30 Other diseases of the circulatory system (I00-I15, I26-I28, I70-I99)",2019,3957
"30 Other diseases of the circulatory system (I00-I15, I26-I28, I70-I99)",2020,4232
"30 Other diseases of the circulatory system (I00-I15, I26-I28, I70-I99)",2021,4354
"30 Other diseases of the circulatory system (I00-I15, I26-I28, I70-I99)",2022,4988
"30 Other diseases of the circulatory system (I00-I15, I26-I28, I70-I99)",2023,5173
"31-35 Diseases of the respiratory system (J00-J64, J66-J99)",2010,1988
"31-35 Diseases of the respiratory system (J00-J64, J66-J99)",2011,2034
"31-35 Diseases of the respiratory system (J00-J64, J66-J99)",2012,2026
"31-35 Diseases of the respiratory system (J00-J64, J66-J99)",2013,1892
"31-35 Diseases of the respiratory system (J00-J64, J66-J99)",2014,1837
"31-35 Diseases of the respiratory system (J00-J64, J66-J99)",2015,1940
"31-35 Diseases of the respiratory system (J00-J64, J66-J99)",2016,2133
"31-35 Diseases of the respiratory system (J00-J64, J66-J99)",2017,2084
"31-35 Diseases of the respiratory system (J00-J64, J66-J99)",2018,2234
"31-35 Diseases of the respiratory system (J00-J64, J66-J99)",2019,1969
"31-35 Diseases of the respiratory system (J00-J64, J66-J99)",2020,1749
"31-35 Diseases of the respiratory system (J00-J64, J66-J99)",2021,1766
"31-35 Diseases of the respiratory system (J00-J64, J66-J99)",2022,1940
"31-35 Diseases of the respiratory system (J00-J64, J66-J99)",2023,2113
31 Influenza (J09-J11),2010,9
31 Influenza (J09-J11),2011,35
31 Influenza (J09-J11),2012,43
31 Influenza (J09-J11),2013,40
31 Influenza (J09-J11),2014,45
31 Influenza (J09-J11),2015,134
31 Influenza (J09-J11),2016,230
31 Influenza (J09-J11),2017,256
31 Influenza (J09-J11),2018,436
31 Influenza (J09-J11),2019,185
31 Influenza (J09-J11),2020,58
31 Influenza (J09-J11),2021,1
31 Influenza (J09-J11),2022,63
31 Influenza (J09-J11),2023,141
"32 Pneumonia (J12-J18, J849)",2010,448
"32 Pneumonia (J12-J18, J849)",2011,376
"32 Pneumonia (J12-J18, J849)",2012,308
"32 Pneumonia (J12-J18, J849)",2013,286
"32 Pneumonia (J12-J18, J849)",2014,204
"32 Pneumonia (J12-J18, J849)",2015,157
"32 Pneumonia (J12-J18, J849)",2016,174
"32 Pneumonia (J12-J18, J849)",2017,120
"32 Pneumonia (J12-J18, J849)",2018,106
"32 Pneumonia (J12-J18, J849)",2019,86
"32 Pneumonia (J12-J18, J849)",2020,90
"32 Pneumonia (J12-J18, J849)",2021,77
"32 Pneumonia (J12-J18, J849)",2022,75
"32 Pneumonia (J12-J18, J849)",2023,89
"33 Bronchitis and emphysema (J40-J44, J47)",2010,1098
"33 Bronchitis and emphysema (J40-J44, J47)",2011,1177
"33 Bronchitis and emphysema (J40-J44, J47)",2012,1178
"33 Bronchitis and emphysema (J40-J44, J47)",2013,1152
"33 Bronchitis and emphysema (J40-J44, J47)",2014,1167
"33 Bronchitis and emphysema (J40-J44, J47)",2015,1231
"33 Bronchitis and emphysema (J40-J44, J47)",2016,1218
"33 Bronchitis and emphysema (J40-J44, J47)",2017,1265
"33 Bronchitis and emphysema (J40-J44, J47)",2018,1238
"33 Bronchitis and emphysema (J40-J44, J47)",2019,1221
"33 Bronchitis and emphysema (J40-J44, J47)",2020,1204
"33 Bronchitis and emphysema (J40-J44, J47)",2021,1222
"33 Bronchitis and emphysema (J40-J44, J47)",2022,1299
"33 Bronchitis and emphysema (J40-J44, J47)",2023,1328
34 Asthma (J45-J46),2010,88
34 Asthma (J45-J46),2011,107
34 Asthma (J45-J46),2012,106
34 Asthma (J45-J46),2013,82
34 Asthma (J45-J46),2014,89
34 Asthma (J45-J46),2015,78
34 Asthma (J45-J46),2016,90
34 Asthma (J45-J46),2017,83
34 Asthma (J45-J46),2018,74
34 Asthma (J45-J46),2019,63
34 Asthma (J45-J46),2020,67
34 Asthma (J45-J46),2021,61
34 Asthma (J45-J46),2022,51
34 Asthma (J45-J46),2023,62
"35 Other diseases of the respiratory system (J00-J06, J20-J39, J60-J64, J66-J848, J85-J99)",2010,345
"35 Other diseases of the respiratory system (J00-J06, J20-J39, J60-J64, J66-J848, J85-J99)",2011,339
"35 Other diseases of the respiratory system (J00-J06, J20-J39, J60-J64, J66-J848, J85-J99)",2012,391
"35 Other diseases of the respiratory system (J00-J06, J20-J39, J60-J64, J66-J848, J85-J99)",2013,332
"35 Other diseases of the respiratory system (J00-J06, J20-J39, J60-J64, J66-J848, J85-J99)",2014,332
"35 Other diseases of the respiratory system (J00-J06, J20-J39, J60-J64, J66-J848, J85-J99)",2015,340
"35 Other diseases of the respiratory system (J00-J06, J20-J39, J60-J64, J66-J848, J85-J99)",2016,421
"35 Other diseases of the respiratory system (J00-J06, J20-J39, J60-J64, J66-J848, J85-J99)",2017,360
"35 Other diseases of the respiratory system (J00-J06, J20-J39, J60-J64, J66-J848, J85-J99)",2018,380
"35 Other diseases of the respiratory system (J00-J06, J20-J39, J60-J64, J66-J848, J85-J99)",2019,414
"35 Other diseases of the respiratory system (J00-J06, J20-J39, J60-J64, J66-J848, J85-J99)",2020,330
"35 Other diseases of the respiratory system (J00-J06, J20-J39, J60-J64, J66-J848, J85-J99)",2021,405
"35 Other diseases of the respiratory system (J00-J06, J20-J39, J60-J64, J66-J848, J85-J99)",2022,452
"35 Other diseases of the respiratory system (J00-J06, J20-J39, J60-J64, J66-J848, J85-J99)",2023,493
36 Diseases of the digestive system excl. alcohol-related diseases,2010,1270
36 Diseases of the digestive system excl. alcohol-related diseases,2011,1272
36 Diseases of the digestive system excl. alcohol-related diseases,2012,1197
36 Diseases of the digestive system excl. alcohol-related diseases,2013,1229
36 Diseases of the digestive system excl. alcohol-related diseases,2014,1253
36 Diseases of the digestive system excl. alcohol-related diseases,2015,1178
36 Diseases of the digestive system excl. alcohol-related diseases,2016,1217
36 Diseases of the digestive system excl. alcohol-related diseases,2017,1231
36 Diseases of the digestive system excl. alcohol-related diseases,2018,1205
36 Diseases of the digestive system excl. alcohol-related diseases,2019,1271
36 Diseases of the digestive system excl. alcohol-related diseases,2020,1359
36 Diseases of the digestive system excl. alcohol-related diseases,2021,1401
36 Diseases of the digestive system excl. alcohol-related diseases,2022,1383
36 Diseases of the digestive system excl. alcohol-related diseases,2023,1370
37 Diseases of the genitourinary system (N00-N99),2010,419
37 Diseases of the genitourinary system (N00-N99),2011,408
37 Diseases of the genitourinary system (N00-N99),2012,369
37 Diseases of the genitourinary system (N00-N99),2013,373
37 Diseases of the genitourinary system (N00-N99),2014,315
37 Diseases of the genitourinary system (N00-N99),2015,282
37 Diseases of the genitourinary system (N00-N99),2016,248
37 Diseases of the genitourinary system (N00-N99),2017,207
37 Diseases of the genitourinary system (N00-N99),2018,232
37 Diseases of the genitourinary system (N00-N99),2019,198
37 Diseases of the genitourinary system (N00-N99),2020,186
37 Diseases of the genitourinary system (N00-N99),2021,205
37 Diseases of the genitourinary system (N00-N99),2022,180
37 Diseases of the genitourinary system (N00-N99),2023,170
38 Congenital malformations (Q00-Q99),2010,150
38 Congenital malformations (Q00-Q99),2011,173
38 Congenital malformations (Q00-Q99),2012,185
38 Congenital malformations (Q00-Q99),2013,168
38 Congenital malformations (Q00-Q99),2014,177
38 Congenital malformations (Q00-Q99),2015,162
38 Congenital malformations (Q00-Q99),2016,197
38 Congenital malformations (Q00-Q99),2017,189
38 Congenital malformations (Q00-Q99),2018,175
38 Congenital malformations (Q00-Q99),2019,171
38 Congenital malformations (Q00-Q99),2020,171
38 Congenital malformations (Q00-Q99),2021,192
38 Congenital malformations (Q00-Q99),2022,195
38 Congenital malformations (Q00-Q99),2023,224
39 Other diseases excl. alcohol-related,2010,544
39 Other diseases excl. alcohol-related,2011,532
39 Other diseases excl. alcohol-related,2012,569
39 Other diseases excl. alcohol-related,2013,521
39 Other diseases excl. alcohol-related,2014,557
39 Other diseases excl. alcohol-related,2015,564
39 Other diseases excl. alcohol-related,2016,596
39 Other diseases excl. alcohol-related,2017,551
39 Other diseases excl. alcohol-related,2018,630
39 Other diseases excl. alcohol-related,2019,569
39 Other diseases excl. alcohol-related,2020,605
39 Other diseases excl. alcohol-related,2021,635
39 Other diseases excl. alcohol-related,2022,721
39 Other diseases excl. alcohol-related,2023,735
40 Ill-defined and unknown causes of mortality (R96-R99),2010,143
40 Ill-defined and unknown causes of mortality (R96-R99),2011,125
40 Ill-defined and unknown causes of mortality (R96-R99),2012,140
40 Ill-defined and unknown causes of mortality (R96-R99),2013,189
40 Ill-defined and unknown causes of mortality (R96-R99),2014,175
40 Ill-defined and unknown causes of mortality (R96-R99),2015,175
40 Ill-defined and unknown causes of mortality (R96-R99),2016,188
40 Ill-defined and unknown causes of mortality (R96-R99),2017,197
40 Ill-defined and unknown causes of mortality (R96-R99),2018,195
40 Ill-defined and unknown causes of mortality (R96-R99),2019,186
40 Ill-defined and unknown causes of mortality (R96-R99),2020,196
40 Ill-defined and unknown causes of mortality (R96-R99),2021,266
40 Ill-defined and unknown causes of mortality (R96-R99),2022,292
40 Ill-defined and unknown causes of mortality (R96-R99),2023,318
41 Alcohol-related diseases and accidental poisoning by alcohol,2010,1962
41 Alcohol-related diseases and accidental poisoning by alcohol,2011,1889
41 Alcohol-related diseases and accidental poisoning by alcohol,2012,1960
41 Alcohol-related diseases and accidental poisoning by alcohol,2013,1926
41 Alcohol-related diseases and accidental poisoning by alcohol,2014,1841
41 Alcohol-related diseases and accidental poisoning by alcohol,2015,1666
41 Alcohol-related diseases and accidental poisoning by alcohol,2016,1730
41 Alcohol-related diseases and accidental poisoning by alcohol,2017,1558
41 Alcohol-related diseases and accidental poisoning by alcohol,2018,1683
41 Alcohol-related diseases and accidental poisoning by alcohol,2019,1718
41 Alcohol-related diseases and accidental poisoning by alcohol,2020,1716
41 Alcohol-related diseases and accidental poisoning by alcohol,2021,1646
41 Alcohol-related diseases and accidental poisoning by alcohol,2022,1664
41 Alcohol-related diseases and accidental poisoning by alcohol,2023,1727
"42-53 Accidents and violence excl. accidental poisoning by alcohol (V01-X44, X46-Y89, U129)",2010,3594
"42-53 Accidents and violence excl. accidental poisoning by alcohol (V01-X44, X46-Y89, U129)",2011,3474
"42-53 Accidents and violence excl. accidental poisoning by alcohol (V01-X44, X46-Y89, U129)",2012,3308
"42-53 Accidents and violence excl. accidental poisoning by alcohol (V01-X44, X46-Y89, U129)",2013,3286
"42-53 Accidents and violence excl. accidental poisoning by alcohol (V01-X44, X46-Y89, U129)",2014,3202
"42-53 Accidents and violence excl. accidental poisoning by alcohol (V01-X44, X46-Y89, U129)",2015,3034
"42-53 Accidents and violence excl. accidental poisoning by alcohol (V01-X44, X46-Y89, U129)",2016,3179
"42-53 Accidents and violence excl. accidental poisoning by alcohol (V01-X44, X46-Y89, U129)",2017,3267
"42-53 Accidents and violence excl. accidental poisoning by alcohol (V01-X44, X46-Y89, U129)",2018,3341
"42-53 Accidents and violence excl. accidental poisoning by alcohol (V01-X44, X46-Y89, U129)",2019,3117
"42-53 Accidents and violence excl. accidental poisoning by alcohol (V01-X44, X46-Y89, U129)",2020,3084
"42-53 Accidents and violence excl. accidental poisoning by alcohol (V01-X44, X46-Y89, U129)",2021,3221
"42-53 Accidents and violence excl. accidental poisoning by alcohol (V01-X44, X46-Y89, U129)",2022,3147
"42-53 Accidents and violence excl. accidental poisoning by alcohol (V01-X44, X46-Y89, U129)",2023,3288
"42-49 Accidents excl. accidental poisoning by alcohol (V01-X44, X46-X59, Y10-Y15, Y85-Y86)",2010,2466
"42-49 Accidents excl. accidental poisoning by alcohol (V01-X44, X46-X59, Y10-Y15, Y85-Y86)",2011,2383
"42-49 Accidents excl. accidental poisoning by alcohol (V01-X44, X46-X59, Y10-Y15, Y85-Y86)",2012,2273
"42-49 Accidents excl. accidental poisoning by alcohol (V01-X44, X46-X59, Y10-Y15, Y85-Y86)",2013,2245
"42-49 Accidents excl. accidental poisoning by alcohol (V01-X44, X46-X59, Y10-Y15, Y85-Y86)",2014,2226
"42-49 Accidents excl. accidental poisoning by alcohol (V01-X44, X46-X59, Y10-Y15, Y85-Y86)",2015,2161
"42-49 Accidents excl. accidental poisoning by alcohol (V01-X44, X46-X59, Y10-Y15, Y85-Y86)",2016,2243
"42-49 Accidents excl. accidental poisoning by alcohol (V01-X44, X46-X59, Y10-Y15, Y85-Y86)",2017,2325
"42-49 Accidents excl. accidental poisoning by alcohol (V01-X44, X46-X59, Y10-Y15, Y85-Y86)",2018,2387
"42-49 Accidents excl. accidental poisoning by alcohol (V01-X44, X46-X59, Y10-Y15, Y85-Y86)",2019,2245
"42-49 Accidents excl. accidental poisoning by alcohol (V01-X44, X46-X59, Y10-Y15, Y85-Y86)",2020,2213
"42-49 Accidents excl. accidental poisoning by alcohol (V01-X44, X46-X59, Y10-Y15, Y85-Y86)",2021,2336
"42-49 Accidents excl. accidental poisoning by alcohol (V01-X44, X46-X59, Y10-Y15, Y85-Y86)",2022,2288
"42-49 Accidents excl. accidental poisoning by alcohol (V01-X44, X46-X59, Y10-Y15, Y85-Y86)",2023,2409
42 Land traffic accidents,2010,254
42 Land traffic accidents,2011,259
42 Land traffic accidents,2012,206
42 Land traffic accidents,2013,235
42 Land traffic accidents,2014,201
42 Land traffic accidents,2015,232
42 Land traffic accidents,2016,212
42 Land traffic accidents,2017,198
42 Land traffic accidents,2018,199
42 Land traffic accidents,2019,174
42 Land traffic accidents,2020,195
42 Land traffic accidents,2021,185
42 Land traffic accidents,2022,163
42 Land traffic accidents,2023,151
43 Other land transport accidents,2010,37
43 Other land transport accidents,2011,32
43 Other land transport accidents,2012,28
43 Other land transport accidents,2013,36
43 Other land transport accidents,2014,41
43 Other land transport accidents,2015,33
43 Other land transport accidents,2016,36
43 Other land transport accidents,2017,38
43 Other land transport accidents,2018,35
43 Other land transport accidents,2019,30
43 Other land transport accidents,2020,29
43 Other land transport accidents,2021,35
43 Other land transport accidents,2022,26
43 Other land transport accidents,2023,16
44 Water transport accidents (V90-V94),2010,48
44 Water transport accidents (V90-V94),2011,49
44 Water transport accidents (V90-V94),2012,34
44 Water transport accidents (V90-V94),2013,37
44 Water transport accidents (V90-V94),2014,47
44 Water transport accidents (V90-V94),2015,30
44 Water transport accidents (V90-V94),2016,38
44 Water transport accidents (V90-V94),2017,41
44 Water transport accidents (V90-V94),2018,46
44 Water transport accidents (V90-V94),2019,34
44 Water transport accidents (V90-V94),2020,23
44 Water transport accidents (V90-V94),2021,32
44 Water transport accidents (V90-V94),2022,26
44 Water transport accidents (V90-V94),2023,22
45 Others and unspecified transport accidents (V95-V99),2010,4
45 Others and unspecified transport accidents (V95-V99),2011,3
45 Others and unspecified transport accidents (V95-V99),2012,6
45 Others and unspecified transport accidents (V95-V99),2013,10
45 Others and unspecified transport accidents (V95-V99),2014,12
45 Others and unspecified transport accidents (V95-V99),2015,1
45 Others and unspecified transport accidents (V95-V99),2016,0
45 Others and unspecified transport accidents (V95-V99),2017,2
45 Others and unspecified transport accidents (V95-V99),2018,5
45 Others and unspecified transport accidents (V95-V99),2019,2
45 Others and unspecified transport accidents (V95-V99),2020,1
45 Others and unspecified transport accidents (V95-V99),2021,0
45 Others and unspecified transport accidents (V95-V99),2022,2
45 Others and unspecified transport accidents (V95-V99),2023,1
46 Accidental falls (W00-W19),2010,1185
46 Accidental falls (W00-W19),2011,1212
46 Accidental falls (W00-W19),2012,1156
46 Accidental falls (W00-W19),2013,1113
46 Accidental falls (W00-W19),2014,1141
46 Accidental falls (W00-W19),2015,1143
46 Accidental falls (W00-W19),2016,1196
46 Accidental falls (W00-W19),2017,1237
46 Accidental falls (W00-W19),2018,1237
46 Accidental falls (W00-W19),2019,1190
46 Accidental falls (W00-W19),2020,1151
46 Accidental falls (W00-W19),2021,1232
46 Accidental falls (W00-W19),2022,1268
46 Accidental falls (W00-W19),2023,1326
47 Accidental drownings (W65-W74),2010,147
47 Accidental drownings (W65-W74),2011,120
47 Accidental drownings (W65-W74),2012,86
47 Accidental drownings (W65-W74),2013,131
47 Accidental drownings (W65-W74),2014,115
47 Accidental drownings (W65-W74),2015,111
47 Accidental drownings (W65-W74),2016,87
47 Accidental drownings (W65-W74),2017,91
47 Accidental drownings (W65-W74),2018,122
47 Accidental drownings (W65-W74),2019,101
47 Accidental drownings (W65-W74),2020,128
47 Accidental drownings (W65-W74),2021,113
47 Accidental drownings (W65-W74),2022,91
47 Accidental drownings (W65-W74),2023,101
"48 Accidental poisonings excl. accidental poisoning by alcohol (X40-X44, X46-X49, Y10-Y15)",2010,314
"48 Accidental poisonings excl. accidental poisoning by alcohol (X40-X44, X46-X49, Y10-Y15)",2011,336
"48 Accidental poisonings excl. accidental poisoning by alcohol (X40-X44, X46-X49, Y10-Y15)",2012,284
"48 Accidental poisonings excl. accidental poisoning by alcohol (X40-X44, X46-X49, Y10-Y15)",2013,294
"48 Accidental poisonings excl. accidental poisoning by alcohol (X40-X44, X46-X49, Y10-Y15)",2014,243
"48 Accidental poisonings excl. accidental poisoning by alcohol (X40-X44, X46-X49, Y10-Y15)",2015,243
"48 Accidental poisonings excl. accidental poisoning by alcohol (X40-X44, X46-X49, Y10-Y15)",2016,245
"48 Accidental poisonings excl. accidental poisoning by alcohol (X40-X44, X46-X49, Y10-Y15)",2017,291
"48 Accidental poisonings excl. accidental poisoning by alcohol (X40-X44, X46-X49, Y10-Y15)",2018,305
"48 Accidental poisonings excl. accidental poisoning by alcohol (X40-X44, X46-X49, Y10-Y15)",2019,278
"48 Accidental poisonings excl. accidental poisoning by alcohol (X40-X44, X46-X49, Y10-Y15)",2020,310
"48 Accidental poisonings excl. accidental poisoning by alcohol (X40-X44, X46-X49, Y10-Y15)",2021,301
"48 Accidental poisonings excl. accidental poisoning by alcohol (X40-X44, X46-X49, Y10-Y15)",2022,277
"48 Accidental poisonings excl. accidental poisoning by alcohol (X40-X44, X46-X49, Y10-Y15)",2023,341
49 Other accidents and sequelae of accidents,2010,477
49 Other accidents and sequelae of accidents,2011,372
49 Other accidents and sequelae of accidents,2012,473
49 Other accidents and sequelae of accidents,2013,389
49 Other accidents and sequelae of accidents,2014,426
49 Other accidents and sequelae of accidents,2015,368
49 Other accidents and sequelae of accidents,2016,429
49 Other accidents and sequelae of accidents,2017,427
49 Other accidents and sequelae of accidents,2018,438
49 Other accidents and sequelae of accidents,2019,436
49 Other accidents and sequelae of accidents,2020,376
49 Other accidents and sequelae of accidents,2021,438
49 Other accidents and sequelae of accidents,2022,435
49 Other accidents and sequelae of accidents,2023,451
"50 Suicides (X60-X84, Y870)",2010,954
"50 Suicides (X60-X84, Y870)",2011,912
"50 Suicides (X60-X84, Y870)",2012,873
"50 Suicides (X60-X84, Y870)",2013,887
"50 Suicides (X60-X84, Y870)",2014,789
"50 Suicides (X60-X84, Y870)",2015,731
"50 Suicides (X60-X84, Y870)",2016,787
"50 Suicides (X60-X84, Y870)",2017,824
"50 Suicides (X60-X84, Y870)",2018,810
"50 Suicides (X60-X84, Y870)",2019,746
"50 Suicides (X60-X84, Y870)",2020,717
"50 Suicides (X60-X84, Y870)",2021,747
"50 Suicides (X60-X84, Y870)",2022,740
"50 Suicides (X60-X84, Y870)",2023,752
"51 Assault (X85-Y09, Y871)",2010,102
"51 Assault (X85-Y09, Y871)",2011,99
"51 Assault (X85-Y09, Y871)",2012,73
"51 Assault (X85-Y09, Y871)",2013,78
"51 Assault (X85-Y09, Y871)",2014,78
"51 Assault (X85-Y09, Y871)",2015,70
"51 Assault (X85-Y09, Y871)",2016,63
"51 Assault (X85-Y09, Y871)",2017,61
"51 Assault (X85-Y09, Y871)",2018,68
"51 Assault (X85-Y09, Y871)",2019,65
"51 Assault (X85-Y09, Y871)",2020,75
"51 Assault (X85-Y09, Y871)",2021,68
"51 Assault (X85-Y09, Y871)",2022,62
"51 Assault (X85-Y09, Y871)",2023,50
